sequence_identifier;lca_tax_slv
R1;"Bacteria;Proteobacteria;Gammaproteobacteria;Pseudomonadales;Moraxellaceae;Acinetobacter;"
R2;"Bacteria;Actinobacteriota;Actinobacteria;Actinomycetales;Actinomycetaceae;Actinomyces;"
R3;"Bacteria;Firmicutes;Bacilli;Bacillales;Bacillaceae;Bacillus;"
R4;"Bacteria;Bacteroidota;Bacteroidia;Bacteroidales;Bacteroidaceae;Bacteroides;"
R5;"Bacteria;Bacteroidota;Bacteroidia;Bacteroidales;Bacteroidaceae;Bacteroides;"
R6;"Bacteria;Bacteroidota;Bacteroidia;Bacteroidales;Bacteroidaceae;Bacteroides;"
R7;"Bacteria;Bacteroidota;Bacteroidia;Bacteroidales;Bacteroidaceae;Bacteroides;"
R8;"Bacteria;Bacteroidota;Bacteroidia;Bacteroidales;Bacteroidaceae;Bacteroides;"
R9;"Bacteria;Firmicutes;Clostridia;Clostridiales;Clostridiaceae;Clostridium sensu stricto 1;"
R10;"Bacteria;Firmicutes;Clostridia;Clostridiales;Clostridiaceae;Clostridium sensu stricto 1;"
R11;"Bacteria;Firmicutes;Clostridia;Clostridiales;Clostridiaceae;Clostridium sensu stricto 1;"
R12;"Bacteria;Deinococcota;Deinococci;Deinococcales;Deinococcaceae;Deinococcus;"
R13;"Bacteria;Firmicutes;Bacilli;Lactobacillales;Enterococcaceae;Enterococcus;"
R14;"Bacteria;Firmicutes;Bacilli;Lactobacillales;Enterococcaceae;Enterococcus;"
R15;"Bacteria;Proteobacteria;Gammaproteobacteria;Enterobacterales;Enterobacteriaceae;Escherichia-Shigella;"
R16;"Bacteria;Campylobacterota;Campylobacteria;Campylobacterales;Helicobacteraceae;Helicobacter;"
R17;"Bacteria;Firmicutes;Bacilli;Lactobacillales;Lactobacillaceae;Lactobacillus;"
R18;"Bacteria;Firmicutes;Bacilli;Lactobacillales;Listeriaceae;Listeria;"
R19;"Bacteria;Proteobacteria;Gammaproteobacteria;Burkholderiales;Neisseriaceae;Neisseria;"
R20;"Bacteria;Actinobacteriota;Actinobacteria;Propionibacteriales;Propionibacteriaceae;Cutibacterium;"
R21;"Bacteria;Proteobacteria;Gammaproteobacteria;Pseudomonadales;Pseudomonadaceae;Pseudomonas;"
R22;"Bacteria;Proteobacteria;Gammaproteobacteria;Pseudomonadales;Pseudomonadaceae;Pseudomonas;"
R23;"Bacteria;Bacteroidota;Bacteroidia;Bacteroidales;Porphyromonadaceae;Porphyromonas;"
R24;"Bacteria;Proteobacteria;Alphaproteobacteria;Rhodobacterales;Rhodobacteraceae;Rhodobacter;"
R25;"Bacteria;Firmicutes;Bacilli;Staphylococcales;Staphylococcaceae;Staphylococcus;"
R26;"Bacteria;Firmicutes;Bacilli;Staphylococcales;Staphylococcaceae;Staphylococcus;"
R27;"Bacteria;Firmicutes;Bacilli;Staphylococcales;Staphylococcaceae;Staphylococcus;"
R28;"Bacteria;Firmicutes;Bacilli;Staphylococcales;Staphylococcaceae;Staphylococcus;"
R29;"Bacteria;Firmicutes;Bacilli;Staphylococcales;Staphylococcaceae;Staphylococcus;"
R30;"Bacteria;Firmicutes;Bacilli;Lactobacillales;Streptococcaceae;Streptococcus;"
R31;"Bacteria;Firmicutes;Bacilli;Lactobacillales;Streptococcaceae;Streptococcus;"
R32;"Bacteria;Firmicutes;Bacilli;Lactobacillales;Streptococcaceae;Streptococcus;"
